indexes	nucleotides	heter_with	heter_without	nonheter_with	nonheter_without	pvalue
0	c	4	11	24	76	0.7575739467974122
0	a	1	14	17	83	0.45977606552528083
0	g	6	9	35	65	0.7753809715145712
0	u	4	11	24	76	0.7575739467974122
1	a	6	9	22	78	0.19291171505583782
1	g	3	12	34	66	0.3799310178907508
1	c	1	14	27	73	0.112289979606739
1	u	5	10	14	86	0.12718067044999948
1	-	0	15	3	97	1.0
2	a	1	14	17	83	0.45977606552528083
2	g	6	9	28	72	0.3707683704633338
2	c	3	12	18	82	1.0
2	u	4	11	36	64	0.5712967885464744
2	-	1	14	1	99	0.24485125858123602
3	a	4	11	17	83	0.4710953986364728
3	g	6	9	33	67	0.5741701344677544
3	c	3	12	30	70	0.5491066042582271
3	u	2	13	14	86	1.0
3	-	0	15	6	94	1.0
4	a	3	12	11	89	0.3905221126090068
4	g	1	14	3	97	0.43280310240780934
4	c	2	13	19	81	0.7350112849152299
4	u	9	6	65	35	0.7753809715145713
4	-	0	15	2	98	1.0
5	a	8	7	31	69	0.14095248200956711
5	g	1	14	34	66	0.03579120572761639
5	c	4	11	16	84	0.2928338265800654
5	u	2	13	17	83	1.0
5	-	0	15	2	98	1.0
6	a	2	13	26	74	0.3542900049096367
6	g	3	12	22	78	1.0
6	c	4	11	28	72	1.0
6	u	5	10	24	76	0.524471972564149
6	-	1	14	0	100	0.13043478260869582
7	c	4	11	24	76	0.7575739467974122
7	a	8	7	37	63	0.26353411365055385
7	g	2	13	21	79	0.7319089173048273
7	u	1	14	18	82	0.4594873751281101
8	c	2	13	21	79	0.7319089173048273
8	a	2	13	18	82	1.0
8	g	6	9	27	73	0.3605149630348663
8	u	5	10	34	66	1.0
9	a	4	11	21	79	0.7371672360816952
9	g	3	12	31	69	0.5473411895473638
9	c	4	11	20	80	0.5127945576177627
9	u	4	11	27	73	1.0
9	-	0	15	1	99	1.0
10	a	4	11	15	85	0.2697937266529852
10	g	5	10	14	86	0.12718067044999948
10	c	1	14	25	75	0.18450626162337286
10	u	5	10	42	58	0.585266993898903
10	-	0	15	4	96	1.0
11	a	6	9	22	78	0.19291171505583782
11	g	2	13	22	78	0.7335740793091396
11	c	2	13	22	78	0.7335740793091396
11	u	3	12	27	73	0.7560560734768198
11	-	2	13	7	93	0.3325547459097998
12	a	3	12	10	90	0.37313141309522674
12	g	3	12	24	76	1.0
12	c	6	9	28	72	0.3707683704633338
12	u	3	12	33	67	0.38404901842788886
12	-	0	15	5	95	1.0
13	a	5	10	30	70	0.7711093085947851
13	g	2	13	18	82	1.0
13	c	3	12	31	69	0.5473411895473638
13	u	5	10	18	82	0.17673539041733569
13	-	0	15	3	97	1.0
14	a	4	11	12	88	0.22063578018620197
14	g	2	13	28	72	0.34714581955568824
14	c	3	12	20	80	1.0
14	u	6	9	39	61	1.0
14	-	0	15	1	99	1.0
15	c	4	11	20	80	0.5127945576177627
15	a	2	13	23	77	0.5175854333145022
15	g	5	10	29	71	0.7654103975026498
15	u	4	11	28	72	1.0
