indexes	nucleotides	heter_with	heter_without	nonheter_with	nonheter_without	pvalue
0	u	11	40	12	53	0.8150734565402247
0	g	10	41	17	48	0.508205645757604
0	c	11	40	13	52	1.0
0	a	19	32	23	42	0.8481394720041227
1	u	17	34	18	47	0.5458104607583655
1	g	8	43	13	52	0.6315104931436177
1	c	7	44	19	46	0.0715834136106156
1	a	19	32	15	50	0.10514605202647559
2	u	14	37	14	51	0.5156622057775424
2	c	13	38	12	53	0.37372371924204034
2	g	13	38	15	50	0.8285351415705557
2	a	11	40	24	41	0.10271183238491785
3	u	15	36	2	63	8.786606267435696e-05
3	c	12	39	22	43	0.3044117107413331
3	g	15	36	20	45	1.0
3	a	9	42	21	44	0.08931567162296422
4	u	20	31	30	35	0.5712326378161938
4	c	7	44	14	51	0.3362613780168041
4	g	5	46	4	61	0.5036113784099353
4	a	19	32	17	48	0.2286355004673863
5	u	11	40	18	47	0.5203778168573441
5	c	11	40	13	52	1.0
5	g	11	40	9	56	0.32618620763038275
5	a	18	33	25	40	0.846735356169159
6	u	9	42	11	54	1.0
6	c	13	38	19	46	0.6814261025745809
6	g	7	44	14	51	0.3362613780168041
6	a	22	29	21	44	0.2506780360411899
7	u	18	33	15	50	0.2132161067394473
7	c	11	40	12	53	0.8150734565402247
7	g	10	41	18	47	0.3842538436870808
7	a	12	39	20	45	0.4111060278613258
8	u	11	40	16	49	0.8255957439974766
8	c	11	40	16	49	0.8255957439974766
8	g	14	37	18	47	1.0
8	a	15	36	15	50	0.5230901664895438
9	u	24	27	26	39	0.45739457810412604
9	c	4	47	15	50	0.04155094582765064
9	g	12	39	12	53	0.6448666630835382
9	a	11	40	12	53	0.8150734565402247
10	u	16	35	26	39	0.43658289908746795
10	c	16	35	7	58	0.009020529518641813
10	g	8	43	15	50	0.3572317981002653
10	a	11	40	17	48	0.6639288774782932
11	u	24	27	24	41	0.3427334768849182
11	c	2	49	4	61	0.6934368073204807
11	g	10	41	19	46	0.28326379284527103
11	a	15	36	18	47	0.8391732204189563
12	u	16	35	23	42	0.6955417077857793
12	g	13	38	17	48	1.0
12	c	13	38	21	44	0.5381565556341257
12	a	9	42	4	61	0.07434538184414069
13	u	12	39	28	37	0.03187646114734005
13	c	8	43	12	53	0.8063766138028827
13	g	22	29	13	52	0.0085050549397576
13	a	9	42	12	53	1.0
14	u	21	30	20	45	0.32798833948093925
14	g	13	38	30	35	0.03265409760258783
14	c	8	43	10	55	1.0
14	a	9	42	5	60	0.15042824796542792
15	u	21	30	26	39	1.0
15	c	5	46	7	58	1.0
15	g	12	39	26	39	0.07410555154661477
15	a	13	38	6	59	0.02367943529481948
