indexes	nucleotides	heter_with	heter_without	nonheter_with	nonheter_without	pvalue
0	g	6	9	38	61	1.0
0	a	1	14	16	83	0.4632764365909892
0	u	4	11	23	76	0.7510803918009124
0	c	4	11	22	77	0.7438020406839738
1	g	3	12	35	64	0.37857471485241706
1	a	6	9	20	79	0.1043053162613812
1	u	5	10	14	85	0.12801153243943017
1	c	1	14	30	69	0.06524041712241999
2	g	7	8	29	70	0.23333349356429295
2	a	1	14	20	79	0.29757446972208423
2	u	4	11	35	64	0.574400002141451
2	c	3	12	15	84	0.7036953936025526
3	g	6	9	33	66	0.7710086968043708
3	a	4	11	17	82	0.4726361634110639
3	u	2	13	16	83	1.0
3	c	3	12	33	66	0.3821184516875811
4	g	1	14	3	96	0.43586903158398194
4	a	3	12	12	87	0.4148538387704369
4	u	9	6	65	34	0.7731895663586055
4	c	2	13	19	80	0.7341655762500665
5	g	1	14	33	66	0.037101858560836816
5	a	8	7	32	67	0.1475187508620062
5	u	2	13	17	82	1.0
5	c	4	11	17	82	0.4726361634110639
6	g	3	12	23	76	1.0
6	a	3	12	25	74	1.0
6	u	5	10	24	75	0.5262066849305285
6	c	4	11	27	72	1.0
7	g	3	12	21	78	1.0
7	a	7	8	36	63	0.5689011666795647
7	u	1	14	18	81	0.4595587959294939
7	c	4	11	24	75	1.0
8	g	4	11	29	70	1.0
8	a	2	13	17	82	1.0
8	u	7	8	36	63	0.5689011666795647
8	c	2	13	17	82	1.0
9	g	5	10	30	69	0.7729690454624403
9	a	4	11	21	78	0.7380433452947538
9	u	2	13	20	79	0.7319089173048281
9	c	4	11	28	71	1.0
10	g	3	12	15	84	0.7036953936025526
10	a	4	11	16	83	0.29696214674159727
10	u	7	8	43	56	1.0
10	c	1	14	25	74	0.18454313868453087
11	g	4	11	22	77	0.7438020406839738
11	a	6	9	22	77	0.1945033225606434
11	u	3	12	33	66	0.3821184516875811
11	c	2	13	22	77	0.7340132429146788
12	g	3	12	25	74	1.0
12	a	3	12	11	88	0.3927268724870643
12	u	3	12	33	66	0.3821184516875811
12	c	6	9	30	69	0.5525478528924364
13	g	2	13	21	78	0.7319089173048263
13	a	5	10	29	70	0.7668584814686736
13	u	5	10	19	80	0.3042716929172108
13	c	3	12	30	69	0.5480603126038937
14	g	2	13	26	73	0.35235725895786396
14	a	4	11	12	87	0.22186096785107107
14	u	6	9	40	59	1.0
14	c	3	12	21	78	1.0
15	g	5	10	29	70	0.7668584814686736
15	a	2	13	24	75	0.5142220511670181
15	u	4	11	28	71	1.0
15	c	4	11	18	81	0.4844402255862002
